date_line,index_capital_line
2010-01-04 00:00:00.005,3535.229
2010-01-05 00:00:00.005,3564.038
2010-01-06 00:00:00.005,3541.727
2010-01-07 00:00:00.005,3471.456
2010-01-08 00:00:00.005,3480.13
2010-01-11 00:00:00.005,3482.052
2010-01-12 00:00:00.005,3534.916
2010-01-13 00:00:00.005,3421.144
2010-01-14 00:00:00.005,3469.051
2010-01-15 00:00:00.005,3482.738
2010-01-18 00:00:00.005,3500.684
2010-01-19 00:00:00.005,3507.482
2010-01-20 00:00:00.005,3394.434
2010-01-21 00:00:00.005,3408.574
2010-01-22 00:00:00.005,3366.197
2010-01-25 00:00:00.005,3328.014
2010-01-26 00:00:00.005,3242.797
2010-01-27 00:00:00.005,3198.566
2010-01-28 00:00:00.005,3206.57
2010-01-29 00:00:00.005,3204.155
2010-02-01 00:00:00.005,3152.707
2010-02-02 00:00:00.005,3146.189
2010-02-03 00:00:00.005,3230.715
2010-02-04 00:00:00.005,3218.802
2010-02-05 00:00:00.005,3153.087
2010-02-08 00:00:00.005,3150.988
2010-02-09 00:00:00.005,3169.19
2010-02-10 00:00:00.005,3214.13
2010-02-11 00:00:00.005,3220.398
2010-02-12 00:00:00.005,3251.278
2010-02-22 00:00:00.005,3233.345
2010-02-23 00:00:00.005,3198.634
2010-02-24 00:00:00.005,3244.483
2010-02-25 00:00:00.005,3292.128
2010-02-26 00:00:00.005,3281.666
2010-03-01 00:00:00.005,3324.423
2010-03-02 00:00:00.005,3311.236
2010-03-03 00:00:00.005,3335.081
2010-03-04 00:00:00.005,3250.573
2010-03-05 00:00:00.005,3259.764
2010-03-08 00:00:00.005,3286.178
2010-03-09 00:00:00.005,3305.863
2010-03-10 00:00:00.005,3279.694
2010-03-11 00:00:00.005,3276.705
2010-03-12 00:00:00.005,3233.126
2010-03-15 00:00:00.005,3183.183
2010-03-16 00:00:00.005,3203.971
2010-03-17 00:00:00.005,3273.916
2010-03-18 00:00:00.005,3267.555
2010-03-19 00:00:00.005,3293.871
2010-03-22 00:00:00.005,3302.628
2010-03-23 00:00:00.005,3275.573
2010-03-24 00:00:00.005,3276.669
2010-03-25 00:00:00.005,3229.128
2010-03-26 00:00:00.005,3275.002
2010-03-29 00:00:00.005,3358.54
2010-03-30 00:00:00.005,3366.708
2010-03-31 00:00:00.005,3345.607
2010-04-01 00:00:00.005,3391.935
2010-04-02 00:00:00.005,3407.346
2010-04-06 00:00:00.005,3405.145
2010-04-07 00:00:00.005,3386.949
2010-04-08 00:00:00.005,3346.744
2010-04-09 00:00:00.005,3379.17
2010-04-12 00:00:00.005,3351.478
2010-04-13 00:00:00.005,3391.716
2010-04-14 00:00:00.005,3403.707
2010-04-15 00:00:00.005,3394.574
2010-04-16 00:00:00.005,3356.332
2010-04-19 00:00:00.005,3176.423
2010-04-20 00:00:00.005,3173.374
2010-04-21 00:00:00.005,3236.679
2010-04-22 00:00:00.005,3201.541
2010-04-23 00:00:00.005,3190.003
2010-04-26 00:00:00.005,3171.997
2010-04-27 00:00:00.005,3108.409
2010-04-28 00:00:00.005,3097.353
2010-04-29 00:00:00.005,3060.064
2010-04-30 00:00:00.005,3067.365
2010-05-04 00:00:00.005,3019.449
2010-05-05 00:00:00.005,3036.394
2010-05-06 00:00:00.005,2896.856
2010-05-07 00:00:00.005,2836.789
2010-05-10 00:00:00.005,2858.233
2010-05-11 00:00:00.005,2800.817
2010-05-12 00:00:00.005,2818.16
2010-05-13 00:00:00.005,2886.911
2010-05-14 00:00:00.005,2868.023
2010-05-17 00:00:00.005,2714.715
2010-05-18 00:00:00.005,2771.348
2010-05-19 00:00:00.005,2762.174
2010-05-20 00:00:00.005,2726.022
2010-05-21 00:00:00.005,2768.791
2010-05-24 00:00:00.005,2873.469
2010-05-25 00:00:00.005,2813.943
2010-05-26 00:00:00.005,2813.944
2010-05-27 00:00:00.005,2859.979
2010-05-28 00:00:00.005,2850.302
2010-05-31 00:00:00.005,2773.264
2010-06-01 00:00:00.005,2744.162
2010-06-02 00:00:00.005,2757.527
2010-06-03 00:00:00.005,2736.076
2010-06-04 00:00:00.005,2744.391
2010-06-07 00:00:00.005,2695.715
2010-06-08 00:00:00.005,2699.336
2010-06-09 00:00:00.005,2782.133
2010-06-10 00:00:00.005,2750.023
2010-06-11 00:00:00.005,2758.866
2010-06-17 00:00:00.005,2742.733
2010-06-18 00:00:00.005,2696.166
2010-06-21 00:00:00.005,2780.663
2010-06-22 00:00:00.005,2783.72
2010-06-23 00:00:00.005,2758.495
2010-06-24 00:00:00.005,2757.498
2010-06-25 00:00:00.005,2736.287
2010-06-28 00:00:00.005,2716.777
2010-06-29 00:00:00.005,2592.019
2010-06-30 00:00:00.005,2563.07
2010-07-01 00:00:00.005,2526.071
2010-07-02 00:00:00.005,2534.105
2010-07-05 00:00:00.005,2512.651
2010-07-06 00:00:00.005,2562.902
2010-07-07 00:00:00.005,2580.477
2010-07-08 00:00:00.005,2575.921
2010-07-09 00:00:00.005,2647.104
2010-07-12 00:00:00.005,2676.218
2010-07-13 00:00:00.005,2634.593
2010-07-14 00:00:00.005,2653.609
2010-07-15 00:00:00.005,2608.519
2010-07-16 00:00:00.005,2616.128
2010-07-19 00:00:00.005,2682.472
2010-07-20 00:00:00.005,2741.503
2010-07-21 00:00:00.005,2747.335
2010-07-22 00:00:00.005,2781.286
2010-07-23 00:00:00.005,2793.076
2010-07-26 00:00:00.005,2811.055
2010-07-27 00:00:00.005,2795.724
2010-07-28 00:00:00.005,2863.724
2010-07-29 00:00:00.005,2877.976
2010-07-30 00:00:00.005,2868.846
2010-08-02 00:00:00.005,2917.275
2010-08-03 00:00:00.005,2865.971
2010-08-04 00:00:00.005,2876.434
2010-08-05 00:00:00.005,2850.829
2010-08-06 00:00:00.005,2897.659
2010-08-09 00:00:00.005,2918.241
2010-08-10 00:00:00.005,2832.638
2010-08-11 00:00:00.005,2850.211
2010-08-12 00:00:00.005,2816.386
2010-08-13 00:00:00.005,2855.547
2010-08-16 00:00:00.005,2922.083
2010-08-17 00:00:00.005,2942.291
2010-08-18 00:00:00.005,2937.362
2010-08-19 00:00:00.005,2955.395
2010-08-20 00:00:00.005,2898.333
2010-08-23 00:00:00.005,2896.192
2010-08-24 00:00:00.005,2911.827
2010-08-25 00:00:00.005,2843.023
2010-08-26 00:00:00.005,2850.093
2010-08-27 00:00:00.005,2858.566
2010-08-30 00:00:00.005,2915.01
2010-08-31 00:00:00.005,2903.188
2010-09-01 00:00:00.005,2884.042
2010-09-02 00:00:00.005,2921.393
2010-09-03 00:00:00.005,2920.205
2010-09-06 00:00:00.005,2975.09
2010-09-07 00:00:00.005,2983.108
2010-09-08 00:00:00.005,2980.967
2010-09-09 00:00:00.005,2926.46
2010-09-10 00:00:00.005,2932.554
2010-09-13 00:00:00.005,2962.319
2010-09-14 00:00:00.005,2965.009
2010-09-15 00:00:00.005,2913.194
2010-09-16 00:00:00.005,2857.789
2010-09-17 00:00:00.005,2861.369
2010-09-20 00:00:00.005,2849.828
2010-09-21 00:00:00.005,2857.476
2010-09-27 00:00:00.005,2905.029
2010-09-28 00:00:00.005,2880.907
2010-09-29 00:00:00.005,2874.812
2010-09-30 00:00:00.005,2935.574
2010-10-08 00:00:00.005,3044.233
2010-10-11 00:00:00.005,3132.895
2010-10-12 00:00:00.005,3172.726
2010-10-13 00:00:00.005,3217.577
2010-10-14 00:00:00.005,3224.14
2010-10-15 00:00:00.005,3327.683
2010-10-18 00:00:00.005,3306.16
2010-10-19 00:00:00.005,3375.674
2010-10-20 00:00:00.005,3396.879
2010-10-21 00:00:00.005,3374.685
2010-10-22 00:00:00.005,3378.655
2010-10-25 00:00:00.005,3481.081
2010-10-26 00:00:00.005,3466.084
2010-10-27 00:00:00.005,3403.872
2010-10-28 00:00:00.005,3397.692
2010-10-29 00:00:00.005,3379.983
2010-11-01 00:00:00.005,3472.995
2010-11-02 00:00:00.005,3463.131
2010-11-03 00:00:00.005,3420.341
2010-11-04 00:00:00.005,3480.505
2010-11-05 00:00:00.005,3520.798
2010-11-08 00:00:00.005,3548.566
2010-11-09 00:00:00.005,3523.954
2010-11-10 00:00:00.005,3499.111
2010-11-11 00:00:00.005,3509.975
2010-11-12 00:00:00.005,3291.833
2010-11-15 00:00:00.005,3314.893
2010-11-16 00:00:00.005,3169.538
2010-11-17 00:00:00.005,3103.906
2010-11-18 00:00:00.005,3147.962
2010-11-19 00:00:00.005,3178.846
2010-11-22 00:00:00.005,3171.941
2010-11-23 00:00:00.005,3107.176
2010-11-24 00:00:00.005,3177.043
2010-11-25 00:00:00.005,3223.484
2010-11-26 00:00:00.005,3194.853
2010-11-29 00:00:00.005,3190.05
2010-11-30 00:00:00.005,3136.985
2010-12-01 00:00:00.005,3136.024
2010-12-02 00:00:00.005,3155.059
2010-12-03 00:00:00.005,3158.156
2010-12-06 00:00:00.005,3165.57
2010-12-07 00:00:00.005,3200.339
2010-12-08 00:00:00.005,3171.882
2010-12-09 00:00:00.005,3123.366
2010-12-10 00:00:00.005,3161.977
2010-12-13 00:00:00.005,3261.061
2010-12-14 00:00:00.005,3269.474
2010-12-15 00:00:00.005,3247.644
2010-12-16 00:00:00.005,3230.665
2010-12-17 00:00:00.005,3225.661
2010-12-20 00:00:00.005,3178.657
2010-12-21 00:00:00.005,3249.509
2010-12-22 00:00:00.005,3215.453
2010-12-23 00:00:00.005,3188.607
2010-12-24 00:00:00.005,3162.955
2010-12-27 00:00:00.005,3099.709
2010-12-28 00:00:00.005,3044.931
2010-12-29 00:00:00.005,3061.83
2010-12-30 00:00:00.005,3064.098
2010-12-31 00:00:00.005,3128.261
2011-01-04 00:00:00.005,3189.682
2011-01-05 00:00:00.005,3175.662
2011-01-06 00:00:00.005,3159.643
2011-01-07 00:00:00.005,3166.624
2011-01-10 00:00:00.005,3108.187
2011-01-11 00:00:00.005,3124.922
2011-01-12 00:00:00.005,3142.337
2011-01-13 00:00:00.005,3141.284
2011-01-14 00:00:00.005,3091.862
2011-01-17 00:00:00.005,2974.35
2011-01-18 00:00:00.005,2977.648
2011-01-19 00:00:00.005,3044.851
2011-01-20 00:00:00.005,2944.713
2011-01-21 00:00:00.005,2983.456
2011-01-24 00:00:00.005,2954.232
2011-01-25 00:00:00.005,2938.654
2011-01-26 00:00:00.005,2978.431
2011-01-27 00:00:00.005,3026.466
2011-01-28 00:00:00.005,3036.735
2011-01-31 00:00:00.005,3076.508
2011-02-01 00:00:00.005,3077.283
2011-02-09 00:00:00.005,3040.949
2011-02-10 00:00:00.005,3104.163
2011-02-11 00:00:00.005,3120.956
2011-02-14 00:00:00.005,3219.143
2011-02-15 00:00:00.005,3217.671
2011-02-16 00:00:00.005,3248.527
2011-02-17 00:00:00.005,3245.907
2011-02-18 00:00:00.005,3211.876
2011-02-21 00:00:00.005,3257.908
2011-02-22 00:00:00.005,3163.578
2011-02-23 00:00:00.005,3174.742
2011-02-24 00:00:00.005,3190.935
2011-02-25 00:00:00.005,3197.617
2011-02-28 00:00:00.005,3239.559
2011-03-01 00:00:00.005,3254.893
2011-03-02 00:00:00.005,3243.298
2011-03-03 00:00:00.005,3221.718
2011-03-04 00:00:00.005,3270.666
2011-03-07 00:00:00.005,3334.51
2011-03-08 00:00:00.005,3337.457
2011-03-09 00:00:00.005,3338.858
2011-03-10 00:00:00.005,3280.259
2011-03-11 00:00:00.005,3247.376
2011-03-14 00:00:00.005,3262.92
2011-03-15 00:00:00.005,3203.961
2011-03-16 00:00:00.005,3248.195
2011-03-17 00:00:00.005,3197.1
2011-03-18 00:00:00.005,3215.685
2011-03-21 00:00:00.005,3207.11
2011-03-22 00:00:00.005,3222.961
2011-03-23 00:00:00.005,3264.926
2011-03-24 00:00:00.005,3251.361
2011-03-25 00:00:00.005,3294.484
2011-03-28 00:00:00.005,3290.571
2011-03-29 00:00:00.005,3257.979
2011-03-30 00:00:00.005,3256.08
2011-03-31 00:00:00.005,3223.288
2011-04-01 00:00:00.005,3272.729
2011-04-06 00:00:00.005,3311.067
2011-04-07 00:00:00.005,3324.419
2011-04-08 00:00:00.005,3353.358
2011-04-11 00:00:00.005,3333.427
2011-04-12 00:00:00.005,3326.771
2011-04-13 00:00:00.005,3372.031
2011-04-14 00:00:00.005,3353.56
2011-04-15 00:00:00.005,3358.944
2011-04-18 00:00:00.005,3359.438
2011-04-19 00:00:00.005,3295.812
2011-04-20 00:00:00.005,3295.758
2011-04-21 00:00:00.005,3317.367
2011-04-22 00:00:00.005,3299.942
2011-04-25 00:00:00.005,3249.574
2011-04-26 00:00:00.005,3230.96
2011-04-27 00:00:00.005,3209.503
2011-04-28 00:00:00.005,3161.776
2011-04-29 00:00:00.005,3192.723
2011-05-03 00:00:00.005,3211.132
2011-05-04 00:00:00.005,3129.028
2011-05-05 00:00:00.005,3126.117
2011-05-06 00:00:00.005,3121.396
2011-05-09 00:00:00.005,3129.759
2011-05-10 00:00:00.005,3153.221
2011-05-11 00:00:00.005,3145.085
2011-05-12 00:00:00.005,3101.603
2011-05-13 00:00:00.005,3128.093
2011-05-16 00:00:00.005,3100.463
2011-05-17 00:00:00.005,3116.028
2011-05-18 00:00:00.005,3139.379
2011-05-19 00:00:00.005,3120.639
2011-05-20 00:00:00.005,3121.596
2011-05-23 00:00:00.005,3022.98
2011-05-24 00:00:00.005,3026.223
2011-05-25 00:00:00.005,2990.343
2011-05-26 00:00:00.005,2978.381
2011-05-27 00:00:00.005,2963.308
2011-05-30 00:00:00.005,2954.506
2011-05-31 00:00:00.005,3001.556
2011-06-01 00:00:00.005,3004.173
2011-06-02 00:00:00.005,2955.705
2011-06-03 00:00:00.005,2986.349
2011-06-07 00:00:00.005,3004.262
2011-06-08 00:00:00.005,3008.652
2011-06-09 00:00:00.005,2951.889
2011-06-10 00:00:00.005,2961.932
2011-06-13 00:00:00.005,2950.348
2011-06-14 00:00:00.005,2993.559
2011-06-15 00:00:00.005,2963.119
2011-06-16 00:00:00.005,2917.578
2011-06-17 00:00:00.005,2892.157
2011-06-20 00:00:00.005,2874.896
2011-06-21 00:00:00.005,2909.073
2011-06-22 00:00:00.005,2908.582
2011-06-23 00:00:00.005,2957.629
2011-06-24 00:00:00.005,3027.47
2011-06-27 00:00:00.005,3036.491
2011-06-28 00:00:00.005,3041.734
2011-06-29 00:00:00.005,3000.169
2011-06-30 00:00:00.005,3044.089
2011-07-01 00:00:00.005,3049.745
2011-07-04 00:00:00.005,3121.98
2011-07-05 00:00:00.005,3122.5
2011-07-06 00:00:00.005,3113.712
2011-07-07 00:00:00.005,3101.68
2011-07-08 00:00:00.005,3109.183
2011-07-11 00:00:00.005,3113.206
2011-07-12 00:00:00.005,3056.905
2011-07-13 00:00:00.005,3106.247
2011-07-14 00:00:00.005,3115.745
2011-07-15 00:00:00.005,3128.889
2011-07-18 00:00:00.005,3122.6
2011-07-19 00:00:00.005,3095.125
2011-07-20 00:00:00.005,3091.567
2011-07-21 00:00:00.005,3059.139
2011-07-22 00:00:00.005,3067.985
2011-07-25 00:00:00.005,2968.289
2011-07-26 00:00:00.005,2977.766
2011-07-27 00:00:00.005,3000.052
2011-07-28 00:00:00.005,2981.002
2011-07-29 00:00:00.005,2972.079
2011-08-01 00:00:00.005,2977.721
2011-08-02 00:00:00.005,2956.383
2011-08-03 00:00:00.005,2954.87
2011-08-04 00:00:00.005,2960.309
2011-08-05 00:00:00.005,2897.417
2011-08-08 00:00:00.005,2793.897
2011-08-09 00:00:00.005,2798.19
2011-08-10 00:00:00.005,2824.12
2011-08-11 00:00:00.005,2866.924
2011-08-12 00:00:00.005,2875.365
2011-08-15 00:00:00.005,2917.883
2011-08-16 00:00:00.005,2897.581
2011-08-17 00:00:00.005,2886.013
2011-08-18 00:00:00.005,2834.254
2011-08-19 00:00:00.005,2807.664
2011-08-22 00:00:00.005,2777.787
2011-08-23 00:00:00.005,2821.003
2011-08-24 00:00:00.005,2810.016
2011-08-25 00:00:00.005,2903.837
2011-08-26 00:00:00.005,2901.216
2011-08-29 00:00:00.005,2852.809
2011-08-30 00:00:00.005,2841.74
2011-08-31 00:00:00.005,2846.776
2011-09-01 00:00:00.005,2834.535
2011-09-02 00:00:00.005,2803.854
2011-09-05 00:00:00.005,2743.817
2011-09-06 00:00:00.005,2723.303
2011-09-07 00:00:00.005,2779.09
2011-09-08 00:00:00.005,2756.105
2011-09-09 00:00:00.005,2751.095
2011-09-13 00:00:00.005,2720.283
2011-09-14 00:00:00.005,2733.108
2011-09-15 00:00:00.005,2729.051
2011-09-16 00:00:00.005,2733.987
2011-09-19 00:00:00.005,2679.27
2011-09-20 00:00:00.005,2689.845
2011-09-21 00:00:00.005,2771.011
2011-09-22 00:00:00.005,2685.688
2011-09-23 00:00:00.005,2669.478
2011-09-26 00:00:00.005,2610.919
2011-09-27 00:00:00.005,2637.879
2011-09-28 00:00:00.005,2610.59
2011-09-29 00:00:00.005,2588.185
2011-09-30 00:00:00.005,2581.351
2011-10-10 00:00:00.005,2557.082
2011-10-11 00:00:00.005,2551.994
2011-10-12 00:00:00.005,2644.758
2011-10-13 00:00:00.005,2662.601
2011-10-14 00:00:00.005,2653.782
2011-10-17 00:00:00.005,2666.951
2011-10-18 00:00:00.005,2592.209
2011-10-19 00:00:00.005,2583.081
2011-10-20 00:00:00.005,2520.532
2011-10-21 00:00:00.005,2507.877
2011-10-24 00:00:00.005,2576.669
2011-10-25 00:00:00.005,2625.425
2011-10-26 00:00:00.005,2651.652
2011-10-27 00:00:00.005,2657.478
2011-10-28 00:00:00.005,2709.017
2011-10-31 00:00:00.005,2695.307
2011-11-01 00:00:00.005,2697.534
2011-11-02 00:00:00.005,2742.39
2011-11-03 00:00:00.005,2744.301
2011-11-04 00:00:00.005,2763.746
2011-11-07 00:00:00.005,2736.248
2011-11-08 00:00:00.005,2727.71
2011-11-09 00:00:00.005,2751.654
2011-11-10 00:00:00.005,2699.588
2011-11-11 00:00:00.005,2695.002
2011-11-14 00:00:00.005,2750.195
2011-11-15 00:00:00.005,2744.68
2011-11-16 00:00:00.005,2670.116
2011-11-17 00:00:00.005,2662.017
2011-11-18 00:00:00.005,2606.495
2011-11-21 00:00:00.005,2609.687
2011-11-22 00:00:00.005,2609.475
2011-11-23 00:00:00.005,2584.011
2011-11-24 00:00:00.005,2588.915
2011-11-25 00:00:00.005,2569.973
2011-11-28 00:00:00.005,2573.321
2011-11-29 00:00:00.005,2608.569
2011-11-30 00:00:00.005,2521.52
2011-12-01 00:00:00.005,2583.613
2011-12-02 00:00:00.005,2557.311
2011-12-05 00:00:00.005,2521.385
2011-12-06 00:00:00.005,2516.341
2011-12-07 00:00:00.005,2528.228
2011-12-08 00:00:00.005,2525.001
2011-12-09 00:00:00.005,2503.461
2011-12-12 00:00:00.005,2477.692
2011-12-13 00:00:00.005,2421.928
2011-12-14 00:00:00.005,2397.48
2011-12-15 00:00:00.005,2340.788
2011-12-16 00:00:00.005,2390.129
2011-12-19 00:00:00.005,2384.408
2011-12-20 00:00:00.005,2377.073
2011-12-21 00:00:00.005,2339.108
2011-12-22 00:00:00.005,2341.335
2011-12-23 00:00:00.005,2359.159
2011-12-26 00:00:00.005,2335.702
2011-12-27 00:00:00.005,2305.035
2011-12-28 00:00:00.005,2307.928
2011-12-29 00:00:00.005,2311.361
2011-12-30 00:00:00.005,2345.742
2012-01-04 00:00:00.005,2298.753
2012-01-05 00:00:00.005,2276.385
2012-01-06 00:00:00.005,2290.601
2012-01-09 00:00:00.005,2368.57
2012-01-10 00:00:00.005,2447.349
2012-01-11 00:00:00.005,2435.608
2012-01-12 00:00:00.005,2435.219
2012-01-13 00:00:00.005,2394.334
2012-01-16 00:00:00.005,2345.649
2012-01-17 00:00:00.005,2460.601
2012-01-18 00:00:00.005,2422.189
2012-01-19 00:00:00.005,2468.35
2012-01-20 00:00:00.005,2504.086
2012-01-30 00:00:00.005,2460.72
2012-01-31 00:00:00.005,2464.26
2012-02-01 00:00:00.005,2428.994
2012-02-02 00:00:00.005,2486.238
2012-02-03 00:00:00.005,2506.09
2012-02-06 00:00:00.005,2504.322
2012-02-07 00:00:00.005,2457.954
2012-02-08 00:00:00.005,2528.236
2012-02-09 00:00:00.005,2529.231
2012-02-10 00:00:00.005,2533.624
2012-02-13 00:00:00.005,2531.981
2012-02-14 00:00:00.005,2522.107
2012-02-15 00:00:00.005,2549.607
2012-02-16 00:00:00.005,2536.074
2012-02-17 00:00:00.005,2537.086
2012-02-20 00:00:00.005,2540.706
2012-02-21 00:00:00.005,2562.453
2012-02-22 00:00:00.005,2597.476
2012-02-23 00:00:00.005,2606.256
2012-02-24 00:00:00.005,2648.017
2012-02-27 00:00:00.005,2656.573
2012-02-28 00:00:00.005,2662.463
2012-02-29 00:00:00.005,2634.143
2012-03-01 00:00:00.005,2633.345
2012-03-02 00:00:00.005,2679.934
2012-03-05 00:00:00.005,2662.698
2012-03-06 00:00:00.005,2621.052
2012-03-07 00:00:00.005,2603.005
2012-03-08 00:00:00.005,2635.791
2012-03-09 00:00:00.005,2664.302
2012-03-12 00:00:00.005,2654.402
2012-03-13 00:00:00.005,2681.073
2012-03-14 00:00:00.005,2605.106
2012-03-15 00:00:00.005,2585.546
2012-03-16 00:00:00.005,2623.52
2012-03-19 00:00:00.005,2630.013
2012-03-20 00:00:00.005,2584.445
2012-03-21 00:00:00.005,2587.793
2012-03-22 00:00:00.005,2583.747
2012-03-23 00:00:00.005,2552.94
2012-03-26 00:00:00.005,2555.442
2012-03-27 00:00:00.005,2547.143
2012-03-28 00:00:00.005,2474.9
2012-03-29 00:00:00.005,2443.122
2012-03-30 00:00:00.005,2454.899
2012-04-05 00:00:00.005,2512.832
2012-04-06 00:00:00.005,2519.83
2012-04-09 00:00:00.005,2495.146
2012-04-10 00:00:00.005,2519.788
2012-04-11 00:00:00.005,2520.036
2012-04-12 00:00:00.005,2570.436
2012-04-13 00:00:00.005,2580.454
2012-04-16 00:00:00.005,2574.044
2012-04-17 00:00:00.005,2541.883
2012-04-18 00:00:00.005,2599.908
2012-04-19 00:00:00.005,2596.056
2012-04-20 00:00:00.005,2626.839
2012-04-23 00:00:00.005,2606.038
2012-04-24 00:00:00.005,2604.866
2012-04-25 00:00:00.005,2625.99
2012-04-26 00:00:00.005,2631.487
2012-04-27 00:00:00.005,2626.157
2012-05-02 00:00:00.005,2683.487
2012-05-03 00:00:00.005,2691.518
2012-05-04 00:00:00.005,2715.879
2012-05-07 00:00:00.005,2717.778
2012-05-08 00:00:00.005,2709.116
2012-05-09 00:00:00.005,2657.514
2012-05-10 00:00:00.005,2657.214
2012-05-11 00:00:00.005,2636.917
2012-05-14 00:00:00.005,2615.534
2012-05-15 00:00:00.005,2617.374
2012-05-16 00:00:00.005,2574.647
2012-05-17 00:00:00.005,2613.942
2012-05-18 00:00:00.005,2573.976
2012-05-21 00:00:00.005,2587.231
2012-05-22 00:00:00.005,2627.525
2012-05-23 00:00:00.005,2616.869
2012-05-24 00:00:00.005,2595.26
2012-05-25 00:00:00.005,2573.103
2012-05-28 00:00:00.005,2614.689
2012-05-29 00:00:00.005,2650.854
2012-05-30 00:00:00.005,2642.258
2012-05-31 00:00:00.005,2632.042
2012-06-01 00:00:00.005,2632.998
2012-06-04 00:00:00.005,2559.026
2012-06-05 00:00:00.005,2558.842
2012-06-06 00:00:00.005,2557.401
2012-06-07 00:00:00.005,2542.184
2012-06-08 00:00:00.005,2524.329
2012-06-11 00:00:00.005,2558.265
2012-06-12 00:00:00.005,2540.178
2012-06-13 00:00:00.005,2580.636
2012-06-14 00:00:00.005,2560.421
2012-06-15 00:00:00.005,2568.054
2012-06-18 00:00:00.005,2581.212
2012-06-19 00:00:00.005,2558.621
2012-06-20 00:00:00.005,2552.611
2012-06-21 00:00:00.005,2512.185
2012-06-25 00:00:00.005,2456.518
2012-06-26 00:00:00.005,2454.915
2012-06-27 00:00:00.005,2447.195
2012-06-28 00:00:00.005,2425.729
2012-06-29 00:00:00.005,2461.612
2012-07-02 00:00:00.005,2465.238
2012-07-03 00:00:00.005,2468.721
2012-07-04 00:00:00.005,2464.919
2012-07-05 00:00:00.005,2430.37
2012-07-06 00:00:00.005,2472.614
2012-07-09 00:00:00.005,2416.036
2012-07-10 00:00:00.005,2406.706
2012-07-11 00:00:00.005,2425.572
2012-07-12 00:00:00.005,2449.181
2012-07-13 00:00:00.005,2450.633
2012-07-16 00:00:00.005,2399.731
2012-07-17 00:00:00.005,2414.201
2012-07-18 00:00:00.005,2414.335
2012-07-19 00:00:00.005,2424.322
2012-07-20 00:00:00.005,2398.455
2012-07-23 00:00:00.005,2365.431
2012-07-24 00:00:00.005,2375.992
2012-07-25 00:00:00.005,2360.083
2012-07-26 00:00:00.005,2347.488
2012-07-27 00:00:00.005,2349.108
2012-07-30 00:00:00.005,2335.793
2012-07-31 00:00:00.005,2332.922
2012-08-01 00:00:00.005,2358.651
2012-08-02 00:00:00.005,2334.882
2012-08-03 00:00:00.005,2353.737
2012-08-06 00:00:00.005,2385.611
2012-08-07 00:00:00.005,2388.873
2012-08-08 00:00:00.005,2389.795
2012-08-09 00:00:00.005,2411.7
2012-08-10 00:00:00.005,2399.751
2012-08-13 00:00:00.005,2351.931
2012-08-14 00:00:00.005,2357.016
2012-08-15 00:00:00.005,2331.615
2012-08-16 00:00:00.005,2319.67
2012-08-17 00:00:00.005,2313.476
2012-08-20 00:00:00.005,2301.788
2012-08-21 00:00:00.005,2313.703
2012-08-22 00:00:00.005,2295.586
2012-08-23 00:00:00.005,2302.199
2012-08-24 00:00:00.005,2275.677
2012-08-27 00:00:00.005,2228.204
2012-08-28 00:00:00.005,2238.411
2012-08-29 00:00:00.005,2214.814
2012-08-30 00:00:00.005,2211.37
2012-08-31 00:00:00.005,2204.868
2012-09-03 00:00:00.005,2228.369
2012-09-04 00:00:00.005,2204.407
2012-09-05 00:00:00.005,2199.875
2012-09-06 00:00:00.005,2217.823
2012-09-07 00:00:00.005,2317.179
2012-09-10 00:00:00.005,2326.666
2012-09-11 00:00:00.005,2311.89
2012-09-12 00:00:00.005,2320.071
2012-09-13 00:00:00.005,2298.461
2012-09-14 00:00:00.005,2315.542
2012-09-17 00:00:00.005,2258.705
2012-09-18 00:00:00.005,2235.239
2012-09-19 00:00:00.005,2246.236
2012-09-20 00:00:00.005,2195.951
2012-09-21 00:00:00.005,2199.063
2012-09-24 00:00:00.005,2215.516
2012-09-25 00:00:00.005,2210.154
2012-09-26 00:00:00.005,2184.891
2012-09-27 00:00:00.005,2251.717
2012-09-28 00:00:00.005,2293.106
2012-10-08 00:00:00.005,2270.054
2012-10-09 00:00:00.005,2320.157
2012-10-10 00:00:00.005,2324.117
2012-10-11 00:00:00.005,2302.533
2012-10-12 00:00:00.005,2304.531
2012-10-15 00:00:00.005,2294.857
2012-10-16 00:00:00.005,2298.162
2012-10-17 00:00:00.005,2300.803
2012-10-18 00:00:00.005,2336.077
2012-10-19 00:00:00.005,2332.47
2012-10-22 00:00:00.005,2341.592
2012-10-23 00:00:00.005,2312.077
2012-10-24 00:00:00.005,2307.779
2012-10-25 00:00:00.005,2291.239
2012-10-26 00:00:00.005,2247.907
2012-10-29 00:00:00.005,2235.854
2012-10-30 00:00:00.005,2239.882
2012-10-31 00:00:00.005,2254.82
2012-11-01 00:00:00.005,2297.884
2012-11-02 00:00:00.005,2306.774
2012-11-05 00:00:00.005,2301.88
2012-11-06 00:00:00.005,2292.206
2012-11-07 00:00:00.005,2287.505
2012-11-08 00:00:00.005,2245.405
2012-11-09 00:00:00.005,2240.924
2012-11-12 00:00:00.005,2251.848
2012-11-13 00:00:00.005,2212.44
2012-11-14 00:00:00.005,2223.11
2012-11-15 00:00:00.005,2193.623
2012-11-16 00:00:00.005,2177.24
2012-11-19 00:00:00.005,2174.985
2012-11-20 00:00:00.005,2164.881
2012-11-21 00:00:00.005,2194.896
2012-11-22 00:00:00.005,2177.546
2012-11-23 00:00:00.005,2192.676
2012-11-26 00:00:00.005,2175.599
2012-11-27 00:00:00.005,2150.638
2012-11-28 00:00:00.005,2129.161
2012-11-29 00:00:00.005,2115.676
2012-11-30 00:00:00.005,2139.661
2012-12-03 00:00:00.005,2108.85
2012-12-04 00:00:00.005,2131.473
2012-12-05 00:00:00.005,2207.878
2012-12-06 00:00:00.005,2203.602
2012-12-07 00:00:00.005,2246.757
2012-12-10 00:00:00.005,2271.046
2012-12-11 00:00:00.005,2258.5
2012-12-12 00:00:00.005,2267.767
2012-12-13 00:00:00.005,2242.635
2012-12-14 00:00:00.005,2355.865
2012-12-17 00:00:00.005,2366.7
2012-12-18 00:00:00.005,2368.12
2012-12-19 00:00:00.005,2371.109
2012-12-20 00:00:00.005,2384.816
2012-12-21 00:00:00.005,2372.002
2012-12-24 00:00:00.005,2381.217
2012-12-25 00:00:00.005,2448.395
2012-12-26 00:00:00.005,2457.619
2012-12-27 00:00:00.005,2444.594
2012-12-28 00:00:00.005,2480.049
2012-12-31 00:00:00.005,2522.952
2013-01-04 00:00:00.005,2524.409
2013-01-07 00:00:00.005,2535.985
2013-01-08 00:00:00.005,2525.33
2013-01-09 00:00:00.005,2526.126
2013-01-10 00:00:00.005,2530.569
2013-01-11 00:00:00.005,2483.23
2013-01-14 00:00:00.005,2577.725
2013-01-15 00:00:00.005,2595.856
2013-01-16 00:00:00.005,2577.092
2013-01-17 00:00:00.005,2552.758
2013-01-18 00:00:00.005,2595.439
2013-01-21 00:00:00.005,2610.898
2013-01-22 00:00:00.005,2596.898
2013-01-23 00:00:00.005,2607.456
2013-01-24 00:00:00.005,2582.755
2013-01-25 00:00:00.005,2571.674
2013-01-28 00:00:00.005,2651.863
2013-01-29 00:00:00.005,2675.866
2013-01-30 00:00:00.005,2688.711
2013-01-31 00:00:00.005,2686.882
2013-02-01 00:00:00.005,2743.324
2013-02-04 00:00:00.005,2748.028
2013-02-05 00:00:00.005,2771.675
2013-02-06 00:00:00.005,2775.844
2013-02-07 00:00:00.005,2759.87
2013-02-08 00:00:00.005,2771.725
2013-02-18 00:00:00.005,2737.471
2013-02-19 00:00:00.005,2685.606
2013-02-20 00:00:00.005,2702.635
2013-02-21 00:00:00.005,2610.549
2013-02-22 00:00:00.005,2596.604
2013-02-25 00:00:00.005,2604.96
2013-02-26 00:00:00.005,2567.595
2013-02-27 00:00:00.005,2594.677
2013-02-28 00:00:00.005,2673.327
2013-03-01 00:00:00.005,2668.836
2013-03-04 00:00:00.005,2545.715
2013-03-05 00:00:00.005,2622.807
2013-03-06 00:00:00.005,2650.202
2013-03-07 00:00:00.005,2619.479
2013-03-08 00:00:00.005,2606.927
2013-03-11 00:00:00.005,2592.372
2013-03-12 00:00:00.005,2555.615
2013-03-13 00:00:00.005,2527.486
2013-03-14 00:00:00.005,2534.273
2013-03-15 00:00:00.005,2539.873
2013-03-18 00:00:00.005,2502.493
2013-03-19 00:00:00.005,2525.097
2013-03-20 00:00:00.005,2610.174
2013-03-21 00:00:00.005,2614.988
2013-03-22 00:00:00.005,2618.308
2013-03-25 00:00:00.005,2613.097
2013-03-26 00:00:00.005,2575.05
2013-03-27 00:00:00.005,2583.53
2013-03-28 00:00:00.005,2499.302
2013-03-29 00:00:00.005,2495.083
2013-04-01 00:00:00.005,2493.187
2013-04-02 00:00:00.005,2486.391
2013-04-03 00:00:00.005,2483.547
2013-04-08 00:00:00.005,2472.299
2013-04-09 00:00:00.005,2489.43
2013-04-10 00:00:00.005,2485.309
2013-04-11 00:00:00.005,2477.876
2013-04-12 00:00:00.005,2462.112
2013-04-15 00:00:00.005,2436.818
2013-04-16 00:00:00.005,2459.592
2013-04-17 00:00:00.005,2458.473
2013-04-18 00:00:00.005,2464.851
2013-04-19 00:00:00.005,2533.827
2013-04-22 00:00:00.005,2530.67
2013-04-23 00:00:00.005,2449.471
2013-04-24 00:00:00.005,2495.579
2013-04-25 00:00:00.005,2467.875
2013-04-26 00:00:00.005,2447.306
2013-05-02 00:00:00.005,2449.639
2013-05-03 00:00:00.005,2492.912
2013-05-06 00:00:00.005,2525.983
2013-05-07 00:00:00.005,2529.938
2013-05-08 00:00:00.005,2542.798
2013-05-09 00:00:00.005,2527.794
2013-05-10 00:00:00.005,2540.836
2013-05-13 00:00:00.005,2530.768
2013-05-14 00:00:00.005,2493.338
2013-05-15 00:00:00.005,2506.925
2013-05-16 00:00:00.005,2552.709
2013-05-17 00:00:00.005,2592.048
2013-05-20 00:00:00.005,2609.607
2013-05-21 00:00:00.005,2614.853
2013-05-22 00:00:00.005,2618.034
2013-05-23 00:00:00.005,2582.849
2013-05-24 00:00:00.005,2597.228
2013-05-27 00:00:00.005,2599.587
2013-05-28 00:00:00.005,2644.359
2013-05-29 00:00:00.005,2642.561
2013-05-30 00:00:00.005,2634.323
2013-05-31 00:00:00.005,2606.426
2013-06-03 00:00:00.005,2602.623
2013-06-04 00:00:00.005,2565.666
2013-06-05 00:00:00.005,2560.539
2013-06-06 00:00:00.005,2527.845
2013-06-07 00:00:00.005,2484.16
2013-06-13 00:00:00.005,2399.937
2013-06-14 00:00:00.005,2416.771
2013-06-17 00:00:00.005,2403.839
2013-06-18 00:00:00.005,2418.745
2013-06-19 00:00:00.005,2400.765
2013-06-20 00:00:00.005,2321.466
2013-06-21 00:00:00.005,2317.394
2013-06-24 00:00:00.005,2171.21
2013-06-25 00:00:00.005,2165.421
2013-06-26 00:00:00.005,2168.297
2013-06-27 00:00:00.005,2160.735
2013-06-28 00:00:00.005,2200.639
2013-07-01 00:00:00.005,2213.317
2013-07-02 00:00:00.005,2221.984
2013-07-03 00:00:00.005,2203.828
2013-07-04 00:00:00.005,2221.979
2013-07-05 00:00:00.005,2226.849
2013-07-08 00:00:00.005,2163.619
2013-07-09 00:00:00.005,2162.669
2013-07-10 00:00:00.005,2224.065
2013-07-11 00:00:00.005,2326.688
2013-07-12 00:00:00.005,2275.373
2013-07-15 00:00:00.005,2307.297
2013-07-16 00:00:00.005,2317.848
2013-07-17 00:00:00.005,2282.836
2013-07-18 00:00:00.005,2245.328
2013-07-19 00:00:00.005,2190.478
2013-07-22 00:00:00.005,2202.189
2013-07-23 00:00:00.005,2265.845
2013-07-24 00:00:00.005,2249.151
2013-07-25 00:00:00.005,2237.683
2013-07-26 00:00:00.005,2224.008
2013-07-29 00:00:00.005,2175.97
2013-07-30 00:00:00.005,2189.388
2013-07-31 00:00:00.005,2193.021
2013-08-01 00:00:00.005,2245.364
2013-08-02 00:00:00.005,2247.263
2013-08-05 00:00:00.005,2278.329
2013-08-06 00:00:00.005,2293.641
2013-08-07 00:00:00.005,2280.623
2013-08-08 00:00:00.005,2276.782
2013-08-09 00:00:00.005,2286.01
2013-08-12 00:00:00.005,2352.794
2013-08-13 00:00:00.005,2359.068
2013-08-14 00:00:00.005,2349.08
2013-08-15 00:00:00.005,2321.576
2013-08-16 00:00:00.005,2304.144
2013-08-19 00:00:00.005,2331.43
2013-08-20 00:00:00.005,2312.465
2013-08-21 00:00:00.005,2308.589
2013-08-22 00:00:00.005,2303.932
2013-08-23 00:00:00.005,2286.929
2013-08-26 00:00:00.005,2335.616
2013-08-27 00:00:00.005,2340.881
2013-08-28 00:00:00.005,2328.056
2013-08-29 00:00:00.005,2318.311
2013-08-30 00:00:00.005,2313.91
2013-09-02 00:00:00.005,2320.344
2013-09-03 00:00:00.005,2354.502
2013-09-04 00:00:00.005,2350.699
2013-09-05 00:00:00.005,2341.735
2013-09-06 00:00:00.005,2357.782
2013-09-09 00:00:00.005,2440.609
2013-09-10 00:00:00.005,2474.894
2013-09-11 00:00:00.005,2482.889
2013-09-12 00:00:00.005,2507.455
2013-09-13 00:00:00.005,2488.902
2013-09-16 00:00:00.005,2478.39
2013-09-17 00:00:00.005,2427.322
2013-09-18 00:00:00.005,2432.51
2013-09-23 00:00:00.005,2472.288
2013-09-24 00:00:00.005,2443.885
2013-09-25 00:00:00.005,2429.03
2013-09-26 00:00:00.005,2384.443
2013-09-27 00:00:00.005,2394.971
2013-09-30 00:00:00.005,2409.037
2013-10-08 00:00:00.005,2441.811
2013-10-09 00:00:00.005,2453.583
2013-10-10 00:00:00.005,2429.317
2013-10-11 00:00:00.005,2468.508
2013-10-14 00:00:00.005,2472.542
2013-10-15 00:00:00.005,2467.517
2013-10-16 00:00:00.005,2421.371
2013-10-17 00:00:00.005,2413.33
2013-10-18 00:00:00.005,2426.054
2013-10-21 00:00:00.005,2471.322
2013-10-22 00:00:00.005,2445.891
2013-10-23 00:00:00.005,2418.491
2013-10-24 00:00:00.005,2400.511
2013-10-25 00:00:00.005,2368.559
2013-10-28 00:00:00.005,2365.954
2013-10-29 00:00:00.005,2372.053
2013-10-30 00:00:00.005,2407.471
2013-10-31 00:00:00.005,2373.718
2013-11-01 00:00:00.005,2384.96
2013-11-04 00:00:00.005,2380.454
2013-11-05 00:00:00.005,2383.769
2013-11-06 00:00:00.005,2353.568
2013-11-07 00:00:00.005,2340.552
2013-11-08 00:00:00.005,2307.945
2013-11-11 00:00:00.005,2315.889
2013-11-12 00:00:00.005,2340.0
2013-11-13 00:00:00.005,2288.116
2013-11-14 00:00:00.005,2304.501
2013-11-15 00:00:00.005,2350.734
2013-11-18 00:00:00.005,2428.903
2013-11-19 00:00:00.005,2412.163
2013-11-20 00:00:00.005,2424.85
2013-11-21 00:00:00.005,2409.989
2013-11-22 00:00:00.005,2397.962
2013-11-25 00:00:00.005,2388.629
2013-11-26 00:00:00.005,2387.416
2013-11-27 00:00:00.005,2414.481
2013-11-28 00:00:00.005,2439.53
2013-11-29 00:00:00.005,2438.944
2013-12-02 00:00:00.005,2418.788
2013-12-03 00:00:00.005,2442.784
2013-12-04 00:00:00.005,2475.135
2013-12-05 00:00:00.005,2468.197
2013-12-06 00:00:00.005,2452.287
2013-12-09 00:00:00.005,2450.872
2013-12-10 00:00:00.005,2453.322
2013-12-11 00:00:00.005,2412.763
2013-12-12 00:00:00.005,2410.015
2013-12-13 00:00:00.005,2406.639
2013-12-16 00:00:00.005,2367.923
2013-12-17 00:00:00.005,2356.376
2013-12-18 00:00:00.005,2357.226
2013-12-19 00:00:00.005,2332.41
2013-12-20 00:00:00.005,2278.136
2013-12-23 00:00:00.005,2284.602
2013-12-24 00:00:00.005,2288.248
2013-12-25 00:00:00.005,2305.11
2013-12-26 00:00:00.005,2265.334
2013-12-27 00:00:00.005,2303.478
2013-12-30 00:00:00.005,2299.458
2013-12-31 00:00:00.005,2330.026
2014-01-02 00:00:00.005,2321.978
2014-01-03 00:00:00.005,2290.779
2014-01-06 00:00:00.005,2238.637
2014-01-07 00:00:00.005,2238.001
2014-01-08 00:00:00.005,2241.911
2014-01-09 00:00:00.005,2222.221
2014-01-10 00:00:00.005,2204.851
2014-01-13 00:00:00.005,2193.679
2014-01-14 00:00:00.005,2212.846
2014-01-15 00:00:00.005,2208.941
2014-01-16 00:00:00.005,2211.844
2014-01-17 00:00:00.005,2178.488
2014-01-20 00:00:00.005,2165.993
2014-01-21 00:00:00.005,2187.41
2014-01-22 00:00:00.005,2243.796
2014-01-23 00:00:00.005,2231.889
2014-01-24 00:00:00.005,2245.678
2014-01-27 00:00:00.005,2215.919
2014-01-28 00:00:00.005,2219.855
2014-01-29 00:00:00.005,2227.781
2014-01-30 00:00:00.005,2202.45
2014-02-07 00:00:00.005,2212.483
2014-02-10 00:00:00.005,2267.534
2014-02-11 00:00:00.005,2285.562
2014-02-12 00:00:00.005,2291.246
2014-02-13 00:00:00.005,2279.554
2014-02-14 00:00:00.005,2295.575
2014-02-17 00:00:00.005,2311.647
2014-02-18 00:00:00.005,2282.442
2014-02-19 00:00:00.005,2308.656
2014-02-20 00:00:00.005,2287.436
2014-02-21 00:00:00.005,2264.294
2014-02-24 00:00:00.005,2214.509
2014-02-25 00:00:00.005,2157.909
2014-02-26 00:00:00.005,2163.405
2014-02-27 00:00:00.005,2154.108
2014-02-28 00:00:00.005,2178.971
2014-03-03 00:00:00.005,2190.37
2014-03-04 00:00:00.005,2184.273
2014-03-05 00:00:00.005,2163.976
2014-03-06 00:00:00.005,2173.634
2014-03-07 00:00:00.005,2168.358
2014-03-10 00:00:00.005,2097.787
2014-03-11 00:00:00.005,2108.661
2014-03-12 00:00:00.005,2114.134
2014-03-13 00:00:00.005,2140.333
2014-03-14 00:00:00.005,2122.836
2014-03-17 00:00:00.005,2143.038
2014-03-18 00:00:00.005,2138.133
2014-03-19 00:00:00.005,2120.87
2014-03-20 00:00:00.005,2086.967
2014-03-21 00:00:00.005,2158.798
2014-03-24 00:00:00.005,2176.554
2014-03-25 00:00:00.005,2174.44
2014-03-26 00:00:00.005,2171.047
2014-03-27 00:00:00.005,2155.707
2014-03-28 00:00:00.005,2151.965
2014-03-31 00:00:00.005,2146.305
2014-04-01 00:00:00.005,2163.115
2014-04-02 00:00:00.005,2180.727
2014-04-03 00:00:00.005,2165.008
2014-04-04 00:00:00.005,2185.472
2014-04-08 00:00:00.005,2237.316
2014-04-09 00:00:00.005,2238.62
2014-04-10 00:00:00.005,2273.761
2014-04-11 00:00:00.005,2270.666
2014-04-14 00:00:00.005,2268.613
2014-04-15 00:00:00.005,2229.463
2014-04-16 00:00:00.005,2232.526
2014-04-17 00:00:00.005,2224.803
2014-04-18 00:00:00.005,2224.479
2014-04-21 00:00:00.005,2187.248
2014-04-22 00:00:00.005,2196.795
2014-04-23 00:00:00.005,2194.668
2014-04-24 00:00:00.005,2190.474
2014-04-25 00:00:00.005,2167.826
2014-04-28 00:00:00.005,2134.969
2014-04-29 00:00:00.005,2158.47
2014-04-30 00:00:00.005,2158.659
2014-05-05 00:00:00.005,2156.47
2014-05-06 00:00:00.005,2157.328
2014-05-07 00:00:00.005,2137.316
2014-05-08 00:00:00.005,2135.496
2014-05-09 00:00:00.005,2133.911
2014-05-12 00:00:00.005,2180.054
2014-05-13 00:00:00.005,2174.852
2014-05-14 00:00:00.005,2172.372
2014-05-15 00:00:00.005,2144.084
2014-05-16 00:00:00.005,2145.952
2014-05-19 00:00:00.005,2115.143
2014-05-20 00:00:00.005,2115.771
2014-05-21 00:00:00.005,2135.905
2014-05-22 00:00:00.005,2130.868
2014-05-23 00:00:00.005,2148.414
2014-05-26 00:00:00.005,2155.976
2014-05-27 00:00:00.005,2147.28
2014-05-28 00:00:00.005,2169.352
2014-05-29 00:00:00.005,2155.164
2014-05-30 00:00:00.005,2156.464
2014-06-03 00:00:00.005,2149.918
2014-06-04 00:00:00.005,2128.274
2014-06-05 00:00:00.005,2150.602
2014-06-06 00:00:00.005,2134.716
2014-06-09 00:00:00.005,2134.281
2014-06-10 00:00:00.005,2161.268
2014-06-11 00:00:00.005,2160.766
2014-06-12 00:00:00.005,2153.41
2014-06-13 00:00:00.005,2176.242
2014-06-16 00:00:00.005,2191.855
2014-06-17 00:00:00.005,2169.674
2014-06-18 00:00:00.005,2160.239
2014-06-19 00:00:00.005,2126.907
2014-06-20 00:00:00.005,2136.729
2014-06-23 00:00:00.005,2134.11
2014-06-24 00:00:00.005,2144.821
2014-06-25 00:00:00.005,2133.371
2014-06-26 00:00:00.005,2149.076
2014-06-27 00:00:00.005,2150.258
2014-06-30 00:00:00.005,2165.118
2014-07-01 00:00:00.005,2164.559
2014-07-02 00:00:00.005,2170.867
2014-07-03 00:00:00.005,2180.192
2014-07-04 00:00:00.005,2178.695
2014-07-07 00:00:00.005,2176.289
2014-07-08 00:00:00.005,2180.473
2014-07-09 00:00:00.005,2148.71
2014-07-10 00:00:00.005,2142.847
2014-07-11 00:00:00.005,2148.009
2014-07-14 00:00:00.005,2171.758
2014-07-15 00:00:00.005,2174.976
2014-07-16 00:00:00.005,2170.868
2014-07-17 00:00:00.005,2157.068
2014-07-18 00:00:00.005,2164.144
2014-07-21 00:00:00.005,2166.295
2014-07-22 00:00:00.005,2192.698
2014-07-23 00:00:00.005,2197.833
2014-07-24 00:00:00.005,2237.015
2014-07-25 00:00:00.005,2260.454
2014-07-28 00:00:00.005,2323.897
2014-07-29 00:00:00.005,2331.369
2014-07-30 00:00:00.005,2322.011
2014-07-31 00:00:00.005,2350.251
2014-08-01 00:00:00.005,2329.402
2014-08-04 00:00:00.005,2375.62
2014-08-05 00:00:00.005,2369.353
2014-08-06 00:00:00.005,2363.221
2014-08-07 00:00:00.005,2327.457
2014-08-08 00:00:00.005,2331.134
2014-08-11 00:00:00.005,2365.349
2014-08-12 00:00:00.005,2357.052
2014-08-13 00:00:00.005,2358.901
2014-08-14 00:00:00.005,2335.945
2014-08-15 00:00:00.005,2360.635
2014-08-18 00:00:00.005,2374.562
2014-08-19 00:00:00.005,2374.768
2014-08-20 00:00:00.005,2366.14
2014-08-21 00:00:00.005,2354.244
2014-08-22 00:00:00.005,2365.364
2014-08-25 00:00:00.005,2342.863
2014-08-26 00:00:00.005,2324.092
2014-08-27 00:00:00.005,2327.595
2014-08-28 00:00:00.005,2311.278
2014-08-29 00:00:00.005,2338.287
2014-09-01 00:00:00.005,2355.317
2014-09-02 00:00:00.005,2386.46
2014-09-03 00:00:00.005,2408.838
2014-09-04 00:00:00.005,2426.224
2014-09-05 00:00:00.005,2449.259
2014-09-09 00:00:00.005,2445.224
2014-09-10 00:00:00.005,2432.433
2014-09-11 00:00:00.005,2423.454
2014-09-12 00:00:00.005,2438.358
2014-09-15 00:00:00.005,2437.189
2014-09-16 00:00:00.005,2388.765
2014-09-17 00:00:00.005,2401.326
2014-09-18 00:00:00.005,2408.664
2014-09-19 00:00:00.005,2425.211
2014-09-22 00:00:00.005,2378.92
2014-09-23 00:00:00.005,2399.462
2014-09-24 00:00:00.005,2441.864
2014-09-25 00:00:00.005,2436.965
2014-09-26 00:00:00.005,2437.201
2014-09-29 00:00:00.005,2447.799
2014-09-30 00:00:00.005,2450.988
2014-10-08 00:00:00.005,2478.383
2014-10-09 00:00:00.005,2481.955
2014-10-10 00:00:00.005,2466.789
2014-10-13 00:00:00.005,2454.946
2014-10-14 00:00:00.005,2446.562
2014-10-15 00:00:00.005,2463.874
2014-10-16 00:00:00.005,2444.395
2014-10-17 00:00:00.005,2441.732
2014-10-20 00:00:00.005,2454.711
2014-10-21 00:00:00.005,2433.391
2014-10-22 00:00:00.005,2418.641
2014-10-23 00:00:00.005,2395.936
2014-10-24 00:00:00.005,2390.706
2014-10-27 00:00:00.005,2368.832
2014-10-28 00:00:00.005,2416.653
2014-10-29 00:00:00.005,2451.384
2014-10-30 00:00:00.005,2468.925
2014-10-31 00:00:00.005,2508.325
2014-11-03 00:00:00.005,2512.548
2014-11-04 00:00:00.005,2513.172
2014-11-05 00:00:00.005,2503.448
2014-11-06 00:00:00.005,2506.067
2014-11-07 00:00:00.005,2502.153
2014-11-10 00:00:00.005,2565.73
2014-11-11 00:00:00.005,2558.612
2014-11-12 00:00:00.005,2594.318
2014-11-13 00:00:00.005,2579.75
2014-11-14 00:00:00.005,2581.093
2014-11-17 00:00:00.005,2567.101
2014-11-18 00:00:00.005,2541.416
2014-11-19 00:00:00.005,2537.223
2014-11-20 00:00:00.005,2537.099
2014-11-21 00:00:00.005,2583.455
2014-11-24 00:00:00.005,2649.258
2014-11-25 00:00:00.005,2685.561
2014-11-26 00:00:00.005,2723.018
2014-11-27 00:00:00.005,2754.49
2014-11-28 00:00:00.005,2808.819
2014-12-01 00:00:00.005,2819.812
2014-12-02 00:00:00.005,2923.94
2014-12-03 00:00:00.005,2967.549
2014-12-04 00:00:00.005,3104.351
2014-12-05 00:00:00.005,3124.885
2014-12-08 00:00:00.005,3252.881
2014-12-09 00:00:00.005,3106.913
2014-12-10 00:00:00.005,3221.546
2014-12-11 00:00:00.005,3183.012
2014-12-12 00:00:00.005,3193.227
2014-12-15 00:00:00.005,3217.228
2014-12-16 00:00:00.005,3303.402
2014-12-17 00:00:00.005,3360.598
2014-12-18 00:00:00.005,3345.927
2014-12-19 00:00:00.005,3383.167
2014-12-22 00:00:00.005,3394.481
2014-12-23 00:00:00.005,3324.924
2014-12-24 00:00:00.005,3230.385
2014-12-25 00:00:00.005,3335.419
2014-12-26 00:00:00.005,3445.839
2014-12-29 00:00:00.005,3455.455
2014-12-30 00:00:00.005,3457.554
2014-12-31 00:00:00.005,3533.705
2015-01-05 00:00:00.005,3641.541
2015-01-06 00:00:00.005,3641.059
2015-01-07 00:00:00.005,3643.79
2015-01-08 00:00:00.005,3559.259
2015-01-09 00:00:00.005,3546.723
2015-01-12 00:00:00.005,3513.576
2015-01-13 00:00:00.005,3514.04
2015-01-14 00:00:00.005,3502.423
2015-01-15 00:00:00.005,3604.121
2015-01-16 00:00:00.005,3635.146
2015-01-19 00:00:00.005,3355.155
2015-01-20 00:00:00.005,3396.222
2015-01-21 00:00:00.005,3548.885
2015-01-22 00:00:00.005,3567.613
2015-01-23 00:00:00.005,3571.732
2015-01-26 00:00:00.005,3607.985
2015-01-27 00:00:00.005,3574.931
2015-01-28 00:00:00.005,3525.323
2015-01-29 00:00:00.005,3481.798
2015-01-30 00:00:00.005,3434.39
2015-02-02 00:00:00.005,3353.96
2015-02-03 00:00:00.005,3437.445
2015-02-04 00:00:00.005,3401.768
2015-02-05 00:00:00.005,3366.946
2015-02-06 00:00:00.005,3312.42
2015-02-09 00:00:00.005,3345.921
2015-02-10 00:00:00.005,3406.943
2015-02-11 00:00:00.005,3434.124
2015-02-12 00:00:00.005,3442.874
2015-02-13 00:00:00.005,3469.828
2015-02-16 00:00:00.005,3499.483
2015-02-17 00:00:00.005,3522.322
2015-02-25 00:00:00.005,3478.729
2015-02-26 00:00:00.005,3566.295
2015-02-27 00:00:00.005,3572.843
2015-03-02 00:00:00.005,3601.265
2015-03-03 00:00:00.005,3507.9
2015-03-04 00:00:00.005,3530.822
2015-03-05 00:00:00.005,3496.344
2015-03-06 00:00:00.005,3478.52
2015-03-09 00:00:00.005,3537.75
2015-03-10 00:00:00.005,3520.611
2015-03-11 00:00:00.005,3524.653
2015-03-12 00:00:00.005,3592.844
2015-03-13 00:00:00.005,3617.657
2015-03-16 00:00:00.005,3705.671
2015-03-17 00:00:00.005,3757.122
2015-03-18 00:00:00.005,3846.055
2015-03-19 00:00:00.005,3839.739
2015-03-20 00:00:00.005,3892.574
2015-03-23 00:00:00.005,3972.061
2015-03-24 00:00:00.005,3973.046
2015-03-25 00:00:00.005,3940.412
2015-03-26 00:00:00.005,3949.999
2015-03-27 00:00:00.005,3971.697
2015-03-30 00:00:00.005,4088.178
2015-03-31 00:00:00.005,4051.204
2015-04-01 00:00:00.005,4123.895
2015-04-02 00:00:00.005,4124.776
2015-04-03 00:00:00.005,4170.538
2015-04-07 00:00:00.005,4260.044
2015-04-08 00:00:00.005,4295.803
2015-04-09 00:00:00.005,4262.138
2015-04-10 00:00:00.005,4344.416
2015-04-13 00:00:00.005,4421.073
2015-04-14 00:00:00.005,4438.184
2015-04-15 00:00:00.005,4380.513
2015-04-16 00:00:00.005,4513.546
2015-04-17 00:00:00.005,4596.136
2015-04-20 00:00:00.005,4521.919
2015-04-21 00:00:00.005,4619.164
2015-04-22 00:00:00.005,4739.814
2015-04-23 00:00:00.005,4740.892
2015-04-24 00:00:00.005,4702.641
2015-04-27 00:00:00.005,4807.592
2015-04-28 00:00:00.005,4741.861
2015-04-29 00:00:00.005,4774.326
2015-04-30 00:00:00.005,4749.886
2015-05-04 00:00:00.005,4787.741
2015-05-05 00:00:00.005,4596.837
2015-05-06 00:00:00.005,4553.327
2015-05-07 00:00:00.005,4470.089
2015-05-08 00:00:00.005,4558.404
2015-05-11 00:00:00.005,4690.532
2015-05-12 00:00:00.005,4747.421
2015-05-13 00:00:00.005,4718.436
2015-05-14 00:00:00.005,4700.778
2015-05-15 00:00:00.005,4617.47
2015-05-18 00:00:00.005,4575.14
2015-05-19 00:00:00.005,4731.222
2015-05-20 00:00:00.005,4754.919
2015-05-21 00:00:00.005,4840.976
2015-05-22 00:00:00.005,4951.335
2015-05-25 00:00:00.005,5099.495
2015-05-26 00:00:00.005,5198.918
2015-05-27 00:00:00.005,5181.434
2015-05-28 00:00:00.005,4834.007
2015-05-29 00:00:00.005,4840.829
2015-06-01 00:00:00.005,5076.179
2015-06-02 00:00:00.005,5161.87
2015-06-03 00:00:00.005,5143.59
2015-06-04 00:00:00.005,5181.416
2015-06-05 00:00:00.005,5230.552
2015-06-08 00:00:00.005,5353.751
2015-06-09 00:00:00.005,5317.461
2015-06-10 00:00:00.005,5309.112
2015-06-11 00:00:00.005,5306.59
2015-06-12 00:00:00.005,5335.1151
2015-06-15 00:00:00.005,5221.1665
2015-06-16 00:00:00.005,5064.8212
2015-06-17 00:00:00.005,5138.8307
2015-06-18 00:00:00.005,4930.5491
2015-06-19 00:00:00.005,4637.0517
2015-06-23 00:00:00.005,4786.0906
2015-06-24 00:00:00.005,4880.1261
2015-06-25 00:00:00.005,4706.5159
2015-06-26 00:00:00.005,4336.1947
2015-06-29 00:00:00.005,4191.5486
2015-06-30 00:00:00.005,4472.9976
2015-07-01 00:00:00.005,4253.021
2015-07-02 00:00:00.005,4107.9961
2015-07-03 00:00:00.005,3885.9169
2015-07-06 00:00:00.005,3998.537
2015-07-07 00:00:00.005,3928.0025
2015-07-08 00:00:00.005,3663.0375
2015-07-09 00:00:00.005,3897.6263
2015-07-10 00:00:00.005,4106.5561
2015-07-13 00:00:00.005,4211.8116
2015-07-14 00:00:00.005,4112.1488
2015-07-15 00:00:00.005,3966.7585
2015-07-16 00:00:00.005,3997.3555
2015-07-17 00:00:00.005,4151.4956
2015-07-20 00:00:00.005,4160.612
2015-07-21 00:00:00.005,4166.0057
2015-07-22 00:00:00.005,4157.1604
2015-07-23 00:00:00.005,4250.805
2015-07-24 00:00:00.005,4176.2787
2015-07-27 00:00:00.005,3818.7314
2015-07-28 00:00:00.005,3811.0926
2015-07-29 00:00:00.005,3930.3791
2015-07-30 00:00:00.005,3815.4118
2015-07-31 00:00:00.005,3816.6993
2015-08-03 00:00:00.005,3829.2354
2015-08-04 00:00:00.005,3948.1554
2015-08-05 00:00:00.005,3866.8998
2015-08-06 00:00:00.005,3831.8516
2015-08-07 00:00:00.005,3906.9448
2015-08-10 00:00:00.005,4084.3646
2015-08-11 00:00:00.005,4066.6692
2015-08-12 00:00:00.005,4016.1262
2015-08-13 00:00:00.005,4075.463
2015-08-14 00:00:00.005,4073.54
2015-08-17 00:00:00.005,4077.8721
2015-08-18 00:00:00.005,3825.4122
2015-08-19 00:00:00.005,3886.1357
2015-08-20 00:00:00.005,3761.4541
2015-08-21 00:00:00.005,3589.5358
2015-08-24 00:00:00.005,3275.5342
2015-08-25 00:00:00.005,3042.9266
2015-08-26 00:00:00.005,3025.692
2015-08-27 00:00:00.005,3205.6375
2015-08-28 00:00:00.005,3342.2863
2015-08-31 00:00:00.005,3366.5359
2015-09-01 00:00:00.005,3362.0827
2015-09-02 00:00:00.005,3365.8318
2015-09-07 00:00:00.005,3250.485
2015-09-08 00:00:00.005,3334.0233
2015-09-09 00:00:00.005,3399.3054
2015-09-10 00:00:00.005,3357.561
2015-09-11 00:00:00.005,3347.1878
2015-09-14 00:00:00.005,3281.1317
2015-09-15 00:00:00.005,3152.2319
2015-09-16 00:00:00.005,3309.2484
2015-09-17 00:00:00.005,3236.9986
2015-09-18 00:00:00.005,3251.2732
2015-09-21 00:00:00.005,3308.2467
2015-09-22 00:00:00.005,3339.03
2015-09-23 00:00:00.005,3263.0275
2015-09-24 00:00:00.005,3284.9991
2015-09-25 00:00:00.005,3231.9514
2015-09-28 00:00:00.005,3242.7524
2015-09-29 00:00:00.005,3178.8544
2015-09-30 00:00:00.005,3202.9475
2015-10-08 00:00:00.005,3296.482
2015-10-09 00:00:00.005,3340.1159
2015-10-12 00:00:00.005,3447.6934
2015-10-13 00:00:00.005,3445.0431
2015-10-14 00:00:00.005,3406.1116
2015-10-15 00:00:00.005,3486.815
2015-10-16 00:00:00.005,3534.0653
2015-10-19 00:00:00.005,3534.1821
2015-10-20 00:00:00.005,3577.7027
2015-10-21 00:00:00.005,3473.2544
2015-10-22 00:00:00.005,3524.5339
2015-10-23 00:00:00.005,3571.2411
2015-10-26 00:00:00.005,3589.2611
2015-10-27 00:00:00.005,3592.8794
2015-10-28 00:00:00.005,3524.9199
2015-10-29 00:00:00.005,3533.3065
2015-10-30 00:00:00.005,3534.0788
2015-11-02 00:00:00.005,3475.9623
2015-11-03 00:00:00.005,3465.4927
2015-11-04 00:00:00.005,3628.5377
2015-11-05 00:00:00.005,3705.9697
2015-11-06 00:00:00.005,3793.3739
2015-11-09 00:00:00.005,3840.3547
2015-11-10 00:00:00.005,3833.2379
2015-11-11 00:00:00.005,3833.6457
2015-11-12 00:00:00.005,3795.3241
2015-11-13 00:00:00.005,3746.2422
2015-11-16 00:00:00.005,3764.1262
2015-11-17 00:00:00.005,3758.3869
2015-11-18 00:00:00.005,3715.5796
2015-11-19 00:00:00.005,3774.969
2015-11-20 00:00:00.005,3774.3833
2015-11-23 00:00:00.005,3753.3351
2015-11-24 00:00:00.005,3753.8887
2015-11-25 00:00:00.005,3781.6069
2015-11-26 00:00:00.005,3759.4286
2015-11-27 00:00:00.005,3556.9924
2015-11-30 00:00:00.005,3566.4122
2015-12-01 00:00:00.005,3591.696
2015-12-02 00:00:00.005,3721.9545
2015-12-03 00:00:00.005,3749.2985
2015-12-04 00:00:00.005,3677.5922
2015-12-07 00:00:00.005,3687.6073
2015-12-08 00:00:00.005,3623.0202
2015-12-09 00:00:00.005,3635.9382
2015-12-10 00:00:00.005,3623.0842
2015-12-11 00:00:00.005,3608.0587
2015-12-14 00:00:00.005,3711.322
2015-12-15 00:00:00.005,3694.3885
2015-12-16 00:00:00.005,3685.4398
2015-12-17 00:00:00.005,3755.8881
2015-12-18 00:00:00.005,3767.9128
2015-12-21 00:00:00.005,3865.965
2015-12-22 00:00:00.005,3876.7325
2015-12-23 00:00:00.005,3866.3814
2015-12-24 00:00:00.005,3829.4022
2015-12-25 00:00:00.005,3838.201
2015-12-28 00:00:00.005,3727.6316
2015-12-29 00:00:00.005,3761.8745
2015-12-30 00:00:00.005,3765.1752
2015-12-31 00:00:00.005,3731.0047
2016-01-04 00:00:00.005,3469.0662
2016-01-05 00:00:00.005,3478.7797
2016-01-06 00:00:00.005,3539.8082
2016-01-07 00:00:00.005,3294.3839
2016-01-08 00:00:00.005,3361.5632
2016-01-11 00:00:00.005,3192.4499
2016-01-12 00:00:00.005,3215.7099
2016-01-13 00:00:00.005,3155.8787
2016-01-14 00:00:00.005,3221.5714
2016-01-15 00:00:00.005,3118.7301
2016-01-18 00:00:00.005,3130.7289
2016-01-19 00:00:00.005,3223.1251
2016-01-20 00:00:00.005,3174.3781
2016-01-21 00:00:00.005,3081.3454
2016-01-22 00:00:00.005,3113.4626
2016-01-25 00:00:00.005,3128.886
2016-01-26 00:00:00.005,2940.5085
2016-01-27 00:00:00.005,2930.3519
2016-01-28 00:00:00.005,2853.7562
2016-01-29 00:00:00.005,2946.0902
2016-02-01 00:00:00.005,2901.0477
2016-02-02 00:00:00.005,2961.3337
2016-02-03 00:00:00.005,2948.6386
2016-02-04 00:00:00.005,2984.7598
2016-02-05 00:00:00.005,2963.7894
2016-02-15 00:00:00.005,2946.7066
2016-02-16 00:00:00.005,3037.0353
2016-02-17 00:00:00.005,3063.3199
2016-02-18 00:00:00.005,3053.6985
2016-02-19 00:00:00.005,3051.585
2016-02-22 00:00:00.005,3118.8675
2016-02-23 00:00:00.005,3089.3632
2016-02-24 00:00:00.005,3109.5454
2016-02-25 00:00:00.005,2918.7501
2016-02-26 00:00:00.005,2948.0306
2016-02-29 00:00:00.005,2877.4666
2016-03-01 00:00:00.005,2930.6937
2016-03-02 00:00:00.005,3051.3327
2016-03-03 00:00:00.005,3058.4219
2016-03-04 00:00:00.005,3093.8895
2016-03-07 00:00:00.005,3104.8397
2016-03-08 00:00:00.005,3107.6727
2016-03-09 00:00:00.005,3071.907
2016-03-10 00:00:00.005,3013.1457
2016-03-11 00:00:00.005,3018.2844
2016-03-14 00:00:00.005,3065.6904
2016-03-15 00:00:00.005,3074.7796
2016-03-16 00:00:00.005,3090.0328
2016-03-17 00:00:00.005,3124.2039
2016-03-18 00:00:00.005,3171.963
2016-03-21 00:00:00.005,3249.4372
2016-03-22 00:00:00.005,3225.7903
2016-03-23 00:00:00.005,3236.0924
2016-03-24 00:00:00.005,3181.8507
2016-03-25 00:00:00.005,3197.8169
2016-03-28 00:00:00.005,3169.7283
2016-03-29 00:00:00.005,3135.4098
2016-03-30 00:00:00.005,3216.2753
2016-03-31 00:00:00.005,3218.0879
2016-04-01 00:00:00.005,3221.8948
2016-04-05 00:00:00.005,3264.4858
2016-04-06 00:00:00.005,3257.5276
2016-04-07 00:00:00.005,3209.2902
2016-04-08 00:00:00.005,3185.7258
2016-04-11 00:00:00.005,3230.0957
2016-04-12 00:00:00.005,3218.4497
2016-04-13 00:00:00.005,3261.3831
2016-04-14 00:00:00.005,3275.8321
2016-04-15 00:00:00.005,3272.2053
2016-04-18 00:00:00.005,3228.4531
2016-04-19 00:00:00.005,3238.3029
2016-04-20 00:00:00.005,3181.0264
2016-04-21 00:00:00.005,3160.6033
2016-04-22 00:00:00.005,3174.9012
2016-04-25 00:00:00.005,3162.0331
2016-04-26 00:00:00.005,3179.1605
2016-04-27 00:00:00.005,3165.9156
2016-04-28 00:00:00.005,3160.5809
2016-04-29 00:00:00.005,3156.7451
2016-05-03 00:00:00.005,3213.5397
2016-05-04 00:00:00.005,3209.4614
2016-05-05 00:00:00.005,3213.9199
2016-05-06 00:00:00.005,3130.3544
2016-05-09 00:00:00.005,3065.6154
2016-05-10 00:00:00.005,3069.1124
2016-05-11 00:00:00.005,3082.8086
2016-05-12 00:00:00.005,3090.1372
2016-05-13 00:00:00.005,3074.9351
2016-05-16 00:00:00.005,3095.3085
2016-05-17 00:00:00.005,3086.0249
2016-05-18 00:00:00.005,3068.0358
2016-05-19 00:00:00.005,3062.5002
2016-05-20 00:00:00.005,3078.2183
2016-05-23 00:00:00.005,3087.2225
2016-05-24 00:00:00.005,3063.5556
2016-05-25 00:00:00.005,3059.2259
2016-05-26 00:00:00.005,3064.2111
2016-05-27 00:00:00.005,3062.4993
2016-05-30 00:00:00.005,3066.7095
2016-05-31 00:00:00.005,3169.5598
2016-06-01 00:00:00.005,3160.547
2016-06-02 00:00:00.005,3167.0997
2016-06-03 00:00:00.005,3189.3255
2016-06-06 00:00:00.005,3178.7883
2016-06-07 00:00:00.005,3177.0536
2016-06-08 00:00:00.005,3163.9864
2016-06-13 00:00:00.005,3066.3413
2016-06-14 00:00:00.005,3075.9834
2016-06-15 00:00:00.005,3116.3682
2016-06-16 00:00:00.005,3094.6748
2016-06-17 00:00:00.005,3110.3572
2016-06-20 00:00:00.005,3112.6744
2016-06-21 00:00:00.005,3106.3175
2016-06-22 00:00:00.005,3133.9611
2016-06-23 00:00:00.005,3117.3168
2016-06-24 00:00:00.005,3077.1554
2016-06-27 00:00:00.005,3120.5443
2016-06-28 00:00:00.005,3136.4013
2016-06-29 00:00:00.005,3151.3898
2016-06-30 00:00:00.005,3153.921
2016-07-01 00:00:00.005,3154.2003
2016-07-04 00:00:00.005,3204.6962
2016-07-05 00:00:00.005,3207.3827
2016-07-06 00:00:00.005,3216.8035
2016-07-07 00:00:00.005,3209.9542
2016-07-08 00:00:00.005,3192.2804
2016-07-11 00:00:00.005,3203.3298
2016-07-12 00:00:00.005,3273.1823
2016-07-13 00:00:00.005,3282.8681
2016-07-14 00:00:00.005,3276.7637
2016-07-15 00:00:00.005,3276.2775
2016-07-18 00:00:00.005,3262.0222
2016-07-19 00:00:00.005,3248.2341
2016-07-20 00:00:00.005,3237.6051
2016-07-21 00:00:00.005,3252.5227
2016-07-22 00:00:00.005,3225.1621
2016-07-25 00:00:00.005,3230.885
2016-07-26 00:00:00.005,3269.5882
2016-07-27 00:00:00.005,3218.243
2016-07-28 00:00:00.005,3221.1365
2016-07-29 00:00:00.005,3203.9304
2016-08-01 00:00:00.005,3176.8091
2016-08-02 00:00:00.005,3189.0529
2016-08-03 00:00:00.005,3193.5073
2016-08-04 00:00:00.005,3201.2888
2016-08-05 00:00:00.005,3205.1101
2016-08-08 00:00:00.005,3234.1833
2016-08-09 00:00:00.005,3256.9813
2016-08-10 00:00:00.005,3243.3409
2016-08-11 00:00:00.005,3233.3604
2016-08-12 00:00:00.005,3294.2337
2016-08-15 00:00:00.005,3393.4239
2016-08-16 00:00:00.005,3378.2451
2016-08-17 00:00:00.005,3373.0476
2016-08-18 00:00:00.005,3364.4851
2016-08-19 00:00:00.005,3365.0197
2016-08-22 00:00:00.005,3336.7949
2016-08-23 00:00:00.005,3341.8298
2016-08-24 00:00:00.005,3329.8631
2016-08-25 00:00:00.005,3308.9721
2016-08-26 00:00:00.005,3307.0902
2016-08-29 00:00:00.005,3307.7812
2016-08-30 00:00:00.005,3311.9872
2016-08-31 00:00:00.005,3327.7938
2016-09-01 00:00:00.005,3301.5767
2016-09-02 00:00:00.005,3314.1142
2016-09-05 00:00:00.005,3319.6803
2016-09-06 00:00:00.005,3342.6259
2016-09-07 00:00:00.005,3340.8172
2016-09-08 00:00:00.005,3339.564
2016-09-09 00:00:00.005,3318.044
2016-09-12 00:00:00.005,3262.6043
2016-09-13 00:00:00.005,3260.333
2016-09-14 00:00:00.005,3238.7299
2016-09-19 00:00:00.005,3263.1242
2016-09-20 00:00:00.005,3257.4034
2016-09-21 00:00:00.005,3266.6363
2016-09-22 00:00:00.005,3291.1211
2016-09-23 00:00:00.005,3275.6665
2016-09-26 00:00:00.005,3220.2838
2016-09-27 00:00:00.005,3240.7546
2016-09-28 00:00:00.005,3230.8904
2016-09-29 00:00:00.005,3244.3874
2016-09-30 00:00:00.005,3253.2848
2016-10-10 00:00:00.005,3293.8689
2016-10-11 00:00:00.005,3306.5573
2016-10-12 00:00:00.005,3300.0099
2016-10-13 00:00:00.005,3302.6455
2016-10-14 00:00:00.005,3305.8481
2016-10-17 00:00:00.005,3277.8787
2016-10-18 00:00:00.005,3321.3324
2016-10-19 00:00:00.005,3316.2407
2016-10-20 00:00:00.005,3318.6044
2016-10-21 00:00:00.005,3327.74
2016-10-24 00:00:00.005,3367.5778
2016-10-25 00:00:00.005,3367.4547
2016-10-26 00:00:00.005,3354.8003
2016-10-27 00:00:00.005,3345.695
2016-10-28 00:00:00.005,3340.1262
2016-10-31 00:00:00.005,3336.2778
2016-11-01 00:00:00.005,3359.0515
2016-11-02 00:00:00.005,3333.3524
2016-11-03 00:00:00.005,3365.085
2016-11-04 00:00:00.005,3354.1749
2016-11-07 00:00:00.005,3356.5916
2016-11-08 00:00:00.005,3371.1177
2016-11-09 00:00:00.005,3353.0547
2016-11-10 00:00:00.005,3390.6119
2016-11-11 00:00:00.005,3417.2211
2016-11-14 00:00:00.005,3430.2482
2016-11-15 00:00:00.005,3429.8697
2016-11-16 00:00:00.005,3429.5921
2016-11-17 00:00:00.005,3436.535
2016-11-18 00:00:00.005,3417.4554
2016-11-21 00:00:00.005,3441.1106
2016-11-22 00:00:00.005,3468.3637
2016-11-23 00:00:00.005,3474.7289
2016-11-24 00:00:00.005,3488.7402
2016-11-25 00:00:00.005,3521.2984
2016-11-28 00:00:00.005,3535.0807
2016-11-29 00:00:00.005,3564.0404
2016-11-30 00:00:00.005,3538.001
2016-12-01 00:00:00.005,3565.036
2016-12-02 00:00:00.005,3528.9547
2016-12-05 00:00:00.005,3469.4073
2016-12-06 00:00:00.005,3459.1533
2016-12-07 00:00:00.005,3475.7473
2016-12-08 00:00:00.005,3470.1426
2016-12-09 00:00:00.005,3493.7004
2016-12-12 00:00:00.005,3409.1794
2016-12-13 00:00:00.005,3405.0355
2016-12-14 00:00:00.005,3378.9453
2016-12-15 00:00:00.005,3340.4338
2016-12-16 00:00:00.005,3346.0305
2016-12-19 00:00:00.005,3328.9827
2016-12-20 00:00:00.005,3309.0641
2016-12-21 00:00:00.005,3338.536
2016-12-22 00:00:00.005,3335.672
2016-12-23 00:00:00.005,3307.5991
